Model,CV RMSE,CV R2,CV Dir Acc (%),Test RMSE,Test R2,Test Dir Acc (%),R2 Gap,RMSE Ratio,Dir Acc Gap (%),Overfitting Status,Model Status (Generalization)
XGBoost (Baseline),0.0129,-0.2029,51.8421,0.0088,-0.1872,47.9212,-0.0157,0.6822,-3.9209,Mild,Poor
XGBoost (Optuna),0.0118,-0.0052,52.3684,0.0081,-0.0003,51.2035,-0.0049,0.6864,-1.1649,Mild,Poor
XGBoost (RandomSearchCV),0.0118,-0.004,52.3684,0.0081,-0.0001,51.2035,-0.0039,0.6864,-1.1649,Mild,Poor
LightGBM (Baseline),0.0131,-0.2337,51.3816,0.0087,-0.1591,48.5777,-0.0746,0.6641,-2.8039,Mild,Poor
LightGBM (Optuna),0.0129,-0.1934,53.4211,0.0081,0.0016,51.6411,-0.195,0.6279,-1.78,Mild,Poor
LightGBM (RandomSearchCV),0.0118,-0.0051,52.3026,0.0081,-0.0015,50.9847,-0.0036,0.6864,-1.3179,Mild,Poor
CatBoost (Baseline),0.0127,-0.1679,50.5263,0.0081,0.0024,49.6718,-0.1703,0.6378,-0.8545,Mild,Poor
CatBoost (Optuna),0.0123,-0.0958,51.3158,0.0081,0.0115,52.2976,-0.1073,0.6585,0.9818,Mild,Poor
CatBoost (RandomSearchCV),0.0122,-0.0686,51.9079,0.0081,0.0014,49.453,-0.07,0.6639,-2.4549,Mild,Poor
LSTM (Baseline),0.0118,-0.0067,52.3944,0.5811,-0.0008,49.9170,-0.0059,49.2458,-2.4774,High,Poor
LSTM (Manual Tuning),0.0118,-0.0175,52.9197,0.5733,-0.0003,49.6756,-0.0172,48.5847,-3.2441,High,Poor
LSTM (Random Search),0.0118,-0.0186,50.7336,0.5329,-0.0023,50.0000,-0.0163,45.1610,-0.7336,High,Poor